{
    "RPT": {
        "ScanTime": "0.07 sec.",
        "ScanFile": "20230303_epicodeprogetto0303_5a61db49ded088c31938_20230303161512_scan.json",
        "Warnings": 0,
        "Success": 6
    },
    "SRV": {
        "PHP": {
            "websrv": true,
            "openbase": true,
            "maxtime": true,
            "mysqli": true,
            "version": true
        },
        "SYS": {
            "managedHost": true,
            "ALL": "Good"
        },
        "WP": {
            "version": true,
            "core": true,
            "ismu": false,
            "ALL": "Good"
        }
    },
    "ARC": {
        "Size": "0B",
        "DirCount": "0",
        "FileCount": "0",
        "FullCount": "0",
        "WarnFileCount": 0,
        "WarnDirCount": 0,
        "UnreadableDirCount": 0,
        "UnreadableFileCount": 0,
        "FilterDirsAll": [
            "\/Users\/francescobiancolella\/Desktop\/WordPress\/htdocs\/progetto0303\/.opcache",
            "\/Users\/francescobiancolella\/Desktop\/WordPress\/htdocs\/progetto0303\/wp-content\/ai1wm-backups",
            "\/Users\/francescobiancolella\/Desktop\/WordPress\/htdocs\/progetto0303\/wp-content\/backups-dup-lite",
            "\/Users\/francescobiancolella\/Desktop\/WordPress\/htdocs\/progetto0303\/wp-content\/backups-dup-pro",
            "\/Users\/francescobiancolella\/Desktop\/WordPress\/htdocs\/progetto0303\/wp-content\/backupwordpress",
            "\/Users\/francescobiancolella\/Desktop\/WordPress\/htdocs\/progetto0303\/wp-content\/bps-backup",
            "\/Users\/francescobiancolella\/Desktop\/WordPress\/htdocs\/progetto0303\/wp-content\/cache",
            "\/Users\/francescobiancolella\/Desktop\/WordPress\/htdocs\/progetto0303\/wp-content\/content\/cache",
            "\/Users\/francescobiancolella\/Desktop\/WordPress\/htdocs\/progetto0303\/wp-content\/contents\/cache",
            "\/Users\/francescobiancolella\/Desktop\/WordPress\/htdocs\/progetto0303\/wp-content\/infinitewp\/backups",
            "\/Users\/francescobiancolella\/Desktop\/WordPress\/htdocs\/progetto0303\/wp-content\/managewp\/backups",
            "\/Users\/francescobiancolella\/Desktop\/WordPress\/htdocs\/progetto0303\/wp-content\/old-cache",
            "\/Users\/francescobiancolella\/Desktop\/WordPress\/htdocs\/progetto0303\/wp-content\/plugins\/all-in-one-wp-migration\/storage",
            "\/Users\/francescobiancolella\/Desktop\/WordPress\/htdocs\/progetto0303\/wp-content\/updraft",
            "\/Users\/francescobiancolella\/Desktop\/WordPress\/htdocs\/progetto0303\/wp-content\/uploads\/aiowps_backups",
            "\/Users\/francescobiancolella\/Desktop\/WordPress\/htdocs\/progetto0303\/wp-content\/uploads\/backupbuddy_backups",
            "\/Users\/francescobiancolella\/Desktop\/WordPress\/htdocs\/progetto0303\/wp-content\/uploads\/backupbuddy_temp",
            "\/Users\/francescobiancolella\/Desktop\/WordPress\/htdocs\/progetto0303\/wp-content\/uploads\/ithemes-security\/backups",
            "\/Users\/francescobiancolella\/Desktop\/WordPress\/htdocs\/progetto0303\/wp-content\/uploads\/mainwp\/backup",
            "\/Users\/francescobiancolella\/Desktop\/WordPress\/htdocs\/progetto0303\/wp-content\/uploads\/pb_backupbuddy",
            "\/Users\/francescobiancolella\/Desktop\/WordPress\/htdocs\/progetto0303\/wp-content\/uploads\/snapshots",
            "\/Users\/francescobiancolella\/Desktop\/WordPress\/htdocs\/progetto0303\/wp-content\/uploads\/sucuri",
            "\/Users\/francescobiancolella\/Desktop\/WordPress\/htdocs\/progetto0303\/wp-content\/uploads\/wp-clone",
            "\/Users\/francescobiancolella\/Desktop\/WordPress\/htdocs\/progetto0303\/wp-content\/uploads\/wp_all_backup",
            "\/Users\/francescobiancolella\/Desktop\/WordPress\/htdocs\/progetto0303\/wp-content\/uploads\/wpbackitup_backups",
            "\/Users\/francescobiancolella\/Desktop\/WordPress\/htdocs\/progetto0303\/wp-content\/wfcache",
            "\/Users\/francescobiancolella\/Desktop\/WordPress\/htdocs\/progetto0303\/wp-content\/wishlist-backup",
            "\/Users\/francescobiancolella\/Desktop\/WordPress\/htdocs\/progetto0303\/wp-snapshots"
        ],
        "FilterFilesAll": [
            "error_log",
            "error.log",
            "debug_log",
            "ws_ftp.log",
            "dbcache",
            "pgcache",
            "objectcache",
            ".DS_Store",
            "\/Users\/francescobiancolella\/Desktop\/WordPress\/htdocs\/progetto0303\/.htaccess",
            "\/Users\/francescobiancolella\/Desktop\/WordPress\/htdocs\/progetto0303\/web.config",
            "\/Users\/francescobiancolella\/Desktop\/WordPress\/htdocs\/progetto0303\/wp-config.php"
        ],
        "FilterExtsAll": [],
        "FilterInfo": {
            "Dirs": {
                "Warning": [],
                "Unreadable": [],
                "AddonSites": [],
                "Core": [
                    "\/Users\/francescobiancolella\/Desktop\/WordPress\/htdocs\/progetto0303\/wp-snapshots",
                    "\/Users\/francescobiancolella\/Desktop\/WordPress\/htdocs\/progetto0303\/wp-content\/backups-dup-lite",
                    "\/Users\/francescobiancolella\/Desktop\/WordPress\/htdocs\/progetto0303\/.opcache",
                    "\/Users\/francescobiancolella\/Desktop\/WordPress\/htdocs\/progetto0303\/wp-content\/backups-dup-pro",
                    "\/Users\/francescobiancolella\/Desktop\/WordPress\/htdocs\/progetto0303\/wp-content\/ai1wm-backups",
                    "\/Users\/francescobiancolella\/Desktop\/WordPress\/htdocs\/progetto0303\/wp-content\/backupwordpress",
                    "\/Users\/francescobiancolella\/Desktop\/WordPress\/htdocs\/progetto0303\/wp-content\/content\/cache",
                    "\/Users\/francescobiancolella\/Desktop\/WordPress\/htdocs\/progetto0303\/wp-content\/contents\/cache",
                    "\/Users\/francescobiancolella\/Desktop\/WordPress\/htdocs\/progetto0303\/wp-content\/infinitewp\/backups",
                    "\/Users\/francescobiancolella\/Desktop\/WordPress\/htdocs\/progetto0303\/wp-content\/managewp\/backups",
                    "\/Users\/francescobiancolella\/Desktop\/WordPress\/htdocs\/progetto0303\/wp-content\/old-cache",
                    "\/Users\/francescobiancolella\/Desktop\/WordPress\/htdocs\/progetto0303\/wp-content\/plugins\/all-in-one-wp-migration\/storage",
                    "\/Users\/francescobiancolella\/Desktop\/WordPress\/htdocs\/progetto0303\/wp-content\/updraft",
                    "\/Users\/francescobiancolella\/Desktop\/WordPress\/htdocs\/progetto0303\/wp-content\/wishlist-backup",
                    "\/Users\/francescobiancolella\/Desktop\/WordPress\/htdocs\/progetto0303\/wp-content\/wfcache",
                    "\/Users\/francescobiancolella\/Desktop\/WordPress\/htdocs\/progetto0303\/wp-content\/bps-backup",
                    "\/Users\/francescobiancolella\/Desktop\/WordPress\/htdocs\/progetto0303\/wp-content\/cache",
                    "\/Users\/francescobiancolella\/Desktop\/WordPress\/htdocs\/progetto0303\/wp-content\/uploads\/aiowps_backups",
                    "\/Users\/francescobiancolella\/Desktop\/WordPress\/htdocs\/progetto0303\/wp-content\/uploads\/backupbuddy_temp",
                    "\/Users\/francescobiancolella\/Desktop\/WordPress\/htdocs\/progetto0303\/wp-content\/uploads\/backupbuddy_backups",
                    "\/Users\/francescobiancolella\/Desktop\/WordPress\/htdocs\/progetto0303\/wp-content\/uploads\/ithemes-security\/backups",
                    "\/Users\/francescobiancolella\/Desktop\/WordPress\/htdocs\/progetto0303\/wp-content\/uploads\/mainwp\/backup",
                    "\/Users\/francescobiancolella\/Desktop\/WordPress\/htdocs\/progetto0303\/wp-content\/uploads\/pb_backupbuddy",
                    "\/Users\/francescobiancolella\/Desktop\/WordPress\/htdocs\/progetto0303\/wp-content\/uploads\/snapshots",
                    "\/Users\/francescobiancolella\/Desktop\/WordPress\/htdocs\/progetto0303\/wp-content\/uploads\/sucuri",
                    "\/Users\/francescobiancolella\/Desktop\/WordPress\/htdocs\/progetto0303\/wp-content\/uploads\/wp-clone",
                    "\/Users\/francescobiancolella\/Desktop\/WordPress\/htdocs\/progetto0303\/wp-content\/uploads\/wp_all_backup",
                    "\/Users\/francescobiancolella\/Desktop\/WordPress\/htdocs\/progetto0303\/wp-content\/uploads\/wpbackitup_backups"
                ],
                "Global": [],
                "Instance": []
            },
            "Files": {
                "Size": [],
                "Warning": [],
                "Unreadable": [],
                "AddonSites": [],
                "Core": [],
                "Global": [
                    "error_log",
                    "error.log",
                    "debug_log",
                    "ws_ftp.log",
                    "dbcache",
                    "pgcache",
                    "objectcache",
                    ".DS_Store"
                ],
                "Instance": []
            },
            "Exts": {
                "Core": [],
                "Global": [],
                "Instance": []
            },
            "UDirCount": 0,
            "UFileCount": 0,
            "UExtCount": 0,
            "TreeSize": [],
            "TreeWarning": []
        },
        "RecursiveLinks": [],
        "UnreadableItems": [],
        "Status": {
            "Size": "Good",
            "Names": "Good",
            "UnreadableItems": "Good",
            "MigratePackage": "Good",
            "CanbeMigratePackage": true,
            "showCreateProcFuncStatus": "Good",
            "showCreateProcFunc": true,
            "AddonSites": "Good"
        },
        "Dirs": [],
        "Files": []
    },
    "DB": {
        "Status": {
            "Success": true,
            "DB_Case": "Good",
            "DB_Rows": "Good",
            "DB_Size": "Good",
            "TBL_Case": "Good",
            "TBL_Rows": "Good",
            "TBL_Size": "Good",
            "Triggers": "Good"
        },
        "Size": 7421952,
        "Rows": 7577,
        "TableCount": 52,
        "TableList": {
            "wp_actionscheduler_actions": {
                "Case": 0,
                "Rows": "56",
                "Size": "160KB",
                "USize": "163840"
            },
            "wp_actionscheduler_claims": {
                "Case": 0,
                "Rows": "0",
                "Size": "32KB",
                "USize": "32768"
            },
            "wp_actionscheduler_groups": {
                "Case": 0,
                "Rows": "4",
                "Size": "32KB",
                "USize": "32768"
            },
            "wp_actionscheduler_logs": {
                "Case": 0,
                "Rows": "166",
                "Size": "48KB",
                "USize": "49152"
            },
            "wp_commentmeta": {
                "Case": 0,
                "Rows": "19",
                "Size": "48KB",
                "USize": "49152"
            },
            "wp_comments": {
                "Case": 0,
                "Rows": "32",
                "Size": "112KB",
                "USize": "114688"
            },
            "wp_duplicator_packages": {
                "Case": 0,
                "Rows": "0",
                "Size": "32KB",
                "USize": "32768"
            },
            "wp_gla_attribute_mapping_rules": {
                "Case": 0,
                "Rows": "0",
                "Size": "16KB",
                "USize": "16384"
            },
            "wp_gla_budget_recommendations": {
                "Case": 0,
                "Rows": "4,230",
                "Size": "368KB",
                "USize": "376832"
            },
            "wp_gla_merchant_issues": {
                "Case": 0,
                "Rows": "0",
                "Size": "16KB",
                "USize": "16384"
            },
            "wp_gla_shipping_rates": {
                "Case": 0,
                "Rows": "0",
                "Size": "48KB",
                "USize": "49152"
            },
            "wp_gla_shipping_times": {
                "Case": 0,
                "Rows": "0",
                "Size": "32KB",
                "USize": "32768"
            },
            "wp_links": {
                "Case": 0,
                "Rows": "0",
                "Size": "32KB",
                "USize": "32768"
            },
            "wp_options": {
                "Case": 0,
                "Rows": "552",
                "Size": "2.48MB",
                "USize": "2605056"
            },
            "wp_postmeta": {
                "Case": 0,
                "Rows": "1,695",
                "Size": "576KB",
                "USize": "589824"
            },
            "wp_posts": {
                "Case": 0,
                "Rows": "179",
                "Size": "1.55MB",
                "USize": "1622016"
            },
            "wp_termmeta": {
                "Case": 0,
                "Rows": "58",
                "Size": "48KB",
                "USize": "49152"
            },
            "wp_terms": {
                "Case": 0,
                "Rows": "119",
                "Size": "48KB",
                "USize": "49152"
            },
            "wp_term_relationships": {
                "Case": 0,
                "Rows": "203",
                "Size": "32KB",
                "USize": "32768"
            },
            "wp_term_taxonomy": {
                "Case": 0,
                "Rows": "119",
                "Size": "48KB",
                "USize": "49152"
            },
            "wp_usermeta": {
                "Case": 0,
                "Rows": "39",
                "Size": "48KB",
                "USize": "49152"
            },
            "wp_users": {
                "Case": 0,
                "Rows": "1",
                "Size": "64KB",
                "USize": "65536"
            },
            "wp_wc_admin_notes": {
                "Case": 0,
                "Rows": "32",
                "Size": "16KB",
                "USize": "16384"
            },
            "wp_wc_admin_note_actions": {
                "Case": 0,
                "Rows": "40",
                "Size": "32KB",
                "USize": "32768"
            },
            "wp_wc_category_lookup": {
                "Case": 0,
                "Rows": "11",
                "Size": "16KB",
                "USize": "16384"
            },
            "wp_wc_customer_lookup": {
                "Case": 0,
                "Rows": "0",
                "Size": "48KB",
                "USize": "49152"
            },
            "wp_wc_download_log": {
                "Case": 0,
                "Rows": "0",
                "Size": "48KB",
                "USize": "49152"
            },
            "wp_wc_order_coupon_lookup": {
                "Case": 0,
                "Rows": "0",
                "Size": "48KB",
                "USize": "49152"
            },
            "wp_wc_order_product_lookup": {
                "Case": 0,
                "Rows": "0",
                "Size": "80KB",
                "USize": "81920"
            },
            "wp_wc_order_stats": {
                "Case": 0,
                "Rows": "0",
                "Size": "64KB",
                "USize": "65536"
            },
            "wp_wc_order_tax_lookup": {
                "Case": 0,
                "Rows": "0",
                "Size": "48KB",
                "USize": "49152"
            },
            "wp_wc_product_attributes_lookup": {
                "Case": 0,
                "Rows": "0",
                "Size": "32KB",
                "USize": "32768"
            },
            "wp_wc_product_download_directories": {
                "Case": 0,
                "Rows": "2",
                "Size": "32KB",
                "USize": "32768"
            },
            "wp_wc_product_meta_lookup": {
                "Case": 0,
                "Rows": "17",
                "Size": "112KB",
                "USize": "114688"
            },
            "wp_wc_rate_limits": {
                "Case": 0,
                "Rows": "0",
                "Size": "32KB",
                "USize": "32768"
            },
            "wp_wc_reserved_stock": {
                "Case": 0,
                "Rows": "0",
                "Size": "16KB",
                "USize": "16384"
            },
            "wp_wc_tax_rate_classes": {
                "Case": 0,
                "Rows": "2",
                "Size": "32KB",
                "USize": "32768"
            },
            "wp_wc_webhooks": {
                "Case": 0,
                "Rows": "0",
                "Size": "32KB",
                "USize": "32768"
            },
            "wp_woocommerce_api_keys": {
                "Case": 0,
                "Rows": "0",
                "Size": "48KB",
                "USize": "49152"
            },
            "wp_woocommerce_attribute_taxonomies": {
                "Case": 0,
                "Rows": "0",
                "Size": "32KB",
                "USize": "32768"
            },
            "wp_woocommerce_downloadable_product_permissions": {
                "Case": 0,
                "Rows": "0",
                "Size": "80KB",
                "USize": "81920"
            },
            "wp_woocommerce_log": {
                "Case": 0,
                "Rows": "0",
                "Size": "32KB",
                "USize": "32768"
            },
            "wp_woocommerce_order_itemmeta": {
                "Case": 0,
                "Rows": "0",
                "Size": "48KB",
                "USize": "49152"
            },
            "wp_woocommerce_order_items": {
                "Case": 0,
                "Rows": "0",
                "Size": "32KB",
                "USize": "32768"
            },
            "wp_woocommerce_payment_tokenmeta": {
                "Case": 0,
                "Rows": "0",
                "Size": "48KB",
                "USize": "49152"
            },
            "wp_woocommerce_payment_tokens": {
                "Case": 0,
                "Rows": "0",
                "Size": "32KB",
                "USize": "32768"
            },
            "wp_woocommerce_sessions": {
                "Case": 0,
                "Rows": "1",
                "Size": "32KB",
                "USize": "32768"
            },
            "wp_woocommerce_shipping_zones": {
                "Case": 0,
                "Rows": "0",
                "Size": "16KB",
                "USize": "16384"
            },
            "wp_woocommerce_shipping_zone_locations": {
                "Case": 0,
                "Rows": "0",
                "Size": "48KB",
                "USize": "49152"
            },
            "wp_woocommerce_shipping_zone_methods": {
                "Case": 0,
                "Rows": "0",
                "Size": "16KB",
                "USize": "16384"
            },
            "wp_woocommerce_tax_rates": {
                "Case": 0,
                "Rows": "0",
                "Size": "80KB",
                "USize": "81920"
            },
            "wp_woocommerce_tax_rate_locations": {
                "Case": 0,
                "Rows": "0",
                "Size": "48KB",
                "USize": "49152"
            }
        },
        "RawSize": 7421952,
        "EasySize": "7.08MB"
    },
    "LL": {
        "TotalSize": "7.08MB",
        "Status": {
            "TotalSize": "Good"
        }
    }
}